"nome","resumo","coordenador"
"O USO DA COLORAÇÃO TOTAL EQUILIBRADA PARA GERAÇÃO DE ALGORITMOS EM SISTEMAS MULTIAGENTES.","Nos trabalhos de pesquisa desenvolvidos pelo grupo ""matemática discreta e estruturas algébricas"" tem-se destacado o uso do produto funcional de grafos para gerar grafos combinatórios que são usados nas topologias de sistemas multiagentes e que não podem-se obter pelo produto cartesiano usual porém o produto funcional é de difícil implementação computacional o que dificulta seu usos prático o presente trabalho pretende simplificar as operações necessárias para obter o grafo produto.","Abel Rodolfo García Lozano"
"TÓPICOS DE ANALISE","Neste projeto desenvolveremos os principais tópicos da teoria da medida; medida de lebesgue medida de radon diferenciação de lebesgue teorema de riez assím com também do analise funcional; espaços vetorias topológicos teorema de baire teorema de hanh-banach.","Abraham Enrique Munoz Flores"
"AVALIAÇÃO DO PERFIL CROMATOGRÁFICO DO EXTRATO AQUOSO DAS FOLHAS PSIDIUM GUAJAVA. FORMULAÇÃO DE UM GEL CREMOSO NÃO IÔNICO I E BIOFILME COM O EXTRATO","As feridas são uma das principais causas de morbidade e de prejuízos na qualidade de vida além de demandar elevados recursos de cuidados a saúde nos países desenvolvidos tanto para os humanos quanto animais. O projeto tem como objetivo desenvolver um produto eficiente no processo de cicatrização com custo satisfatório e acessível a população carente o através do extrato aquoso das folhas psidium guajava.","Alaide De Sa Barreto"
"AUTOMAÇÃO DA PREVISÃO DE CARGA E MERCADO DE ENERGIA ELÉTRICA PARA DIFERENTES HORIZONTES DE PREVISÃO","Construção de metodologia e script r para automatizar previsões de mercado/carga/demanda máxima de energia elétrica para diferentes horizontes de tempo. Modelos de regressão dinâmica serão desenvolvidos para previsões anuais de médio/longo prazo por classes e 15 anos à frente. Estas são desagregadas por mês e fatores sazonais oriundos de modelos de holt-winters ou box & jenkins. Os modelos serão ajustados para o brasil e regiões e as previsões serão reconciliadas pelo método do traço mínimo.","Albert Cordeiro Geber De Melo"
"DESENVOLVIMENTO DE DETECTORES A GÁS DO TIPO RPC","Este projeto dará continuidade às minhas atividades de professor/pesquisador junto a meu grupo no departamento de física nuclear e altas energias do instituto de física da uerj. Um dos objetivos é fornecer suporte em estudos envolvendo detectores a gás do tipo rpc amplamente utilizados em experimentos de física de altas energias como o experimento cms.","Alberto Franco De Sá Santoro"
"DESENVOLVIMENTO DE SEMICONDUTORES EFICIENTES PARA CONVERSÃO DA RADIAÇÃO SOLAR EM DISPOSITIVOS FOTOVOLTAICOS","Este projeto visa o desenvolvimento de materiais capazes de interagir com a radiação solar para aplicação em células solares. Busca-se a obtenção de nanomateriais à base de titânio zinco e/ou cério com morfologia e composição finamente controladas e que apresentem band gap óptico adequado para absorção da radiação uv. Os materiais sintetizados ao longo do projeto serão extensivamente caracterizados por uma vasta gama de técnicas com intuito de aprimorá-los levando à aplicação desejada.","Alene Dutra Nascimento"
"INFLUÊNCIA DA VARIABILIDADE DA CORRENTE NORTE DO BRASIL E SUAS RETROFLEXÕES NO SISTEMA DE CORRENTES EQUATORIAIS DO ATLÂNTICO TROPICAL E SEU PAPEL NO TRANSPORTE INTER-HEMISFÉRICO DE ÁGUA DOCE","Estudo da dinâmica e variabilidade da corrente norte do brasil e suas retroflexões suas contribuições em transporte para a circulação do atlântico tropical e avaliação da troca inter-hemisférica de água doce por meio de estimativas de transporte e destino de águas de baixa salinidade com base nas saídas diárias do modelo oceânico regional roms.","Alessandro Lopes Aguiar"
"INFRAESTRUTURA PARA APLICAÇÕES CIENTES DE CONTEXTO PARA INTERNET DAS COISAS (PIBITI)","Neste projeto são aprofundados aspectos da internet das coisas: (i) protocolos de aplicação usados em iot; (ii) infraestrutura escalável utilizando técnicas de computação em fog (névoa) edge (borda) e cloud (nuvem) para obter uma qualidade aceitável para as aplicações iot com a escalabilidade; e (iii) aplicações cientes de contexto para iot que possam explorar os resultados obtidos utilizando a plataforma thingboard como concentrador da comunicação de agentes-sensores de software.","Alexandre Sztajnberg"
"DESENVOLVIMENTO DE MATERIAIS DIDÁTICOS IMPRESSOS EM 3D COMO FACILITADORES NO PROCESSO DE ENSINO-APRENDIZAGEM EM QUÍMICA GERAL E INORGÂNICA","O uso de recursos didáticos como facilitadores do processo de ensino-aprendizagem tem sido usado com bastante frequência nos últimos anos. é preciso acompanhar o desenvolvimento das novas tecnologias buscando sempre a inovação de metodologias de ensino que facilitem o processo de ensino-aprendizagem. Nesse contexto o objetivo desse projeto é desenvolver materiais didáticos por impressão 3d a fim de serem utilizados como ferramenta auxiliar para o ensino de química.","Ana Luisa Silva"
"INTERCONEXÕES ENTRE A MATEMÁTICA E A FÍSICA","O projeto visa explorar conceitos matemáticos avançados na modelagem e análise de fenômenos físicos diversos.","André Luiz Furtado"
"SOBRE A FÍSICA DO EFEITO CASIMIR DINÂMICO.","O efeito casimir dinâmico (ecd) consiste na criação de partículas e consequentemente em forças de reação à radiação sobre objetos cujos vínculos geométricos impostos a um campo quantizado variam no tempo. Esse fenômeno pode também ser obtido por meio das rápidas mudanças no tempo das propriedades materiais de um objeto estático. Neste projeto sob a perspectiva dos chamados modelos análogos investigaremos alguns aspectos fundamentais da física do ecd.","Andreson Luis Carvalho Rego"
"EMUSEU DO ESPORTE","O projeto em tela resume-se como uma proposta de desenvolver aplicativos tecnológicos nas várias áreas do conhecimento em plataformas de software livre disseminando e desenvolvendo uma cultura de tecnologia como ferramenta estratégica e inovadora onde a visão do pesquisador aluno empreendedor é a mola propulsora de todo o desenvolvimento.","Bianca Gama Pena"
"(ICJR) CRIANDO SIMULAÇÕES FÍSICAS PARA A SALA DE AULA","Este projeto de icjr. Visa a elaboração de simulações físicas que possam ser utilizadas como alternativas às práticas experimentais em lugares que não contam com laboratórios de física ou como complemento às mesmas nos locais que os possuem. Estas simulações devem ser interativas permitindo que sejam feitas ""medidas experimentais"" que possam levar a resultados comparáveis aos esperados pela física teórica. Os produtos deste projeto serão divulgados em www.Simfi.Com.Br.","Bruno Osório Rodrigues"
"INIBIÇÃO DA ENZIMA XANTINA OXIDASE E DETERMINAÇÃO DAS PROPRIEDADES ANTIOXIDANTES DE COMPLEXOS DE ZINCO FORMADOS A PARTIR DE LIGANTES RADICALARES NITRONIL-NITRÓXIDOS","O presente projeto visa o desenvolvimento de complexos de zinco formados com radicais nitronil-nitróxido para serem empregados como inibidores da enzima xantina oxidase e como antioxidantes uma vez que estes compostos são altamente estáveis e conhecidos por capturarem radicais superóxido e hidroxila. Espera-se desenvolver compostos biologicamente ativos além de investigar mais sobre as suas propriedades redox tais como ao sequestro de radicais livres.","Camila Anchau Wegermann"
"USO DE TÉCNICAS DE INTELIGÊNCIA COMPUTACIONAL PARA CARACTERIZAÇÃO DE RESERVATÓRIOS DE PETRÓLEO","O petróleo se encontra na natureza ocupando os vazios de uma rocha porosa chamada de rocha reservatório. Por trás de sua perfuração do poço existe um trabalho que envolve bilhões de reais e estudos profundos que são realizados por especialistas que utilizam métodos geológicos e geofísicos. O processo de caracterização de poços é complexo e é necessário conhecer as propriedades das rochas. Nesse contexto pode-se aplicar técnicas de inteligência computacional para automatizar esse processo.","Camila Martins Saporetti"
"MODELOS PREDITIVOS EM SAÚDE: MACHINE LEARNING PARA PREDIZER A OCORRÊNCIA DE ÓBITO EM PACIENTES PORTADORES DE IRA E COVID-19.","A maioria dos pacientes com covid-19 apresenta sintomas leves mas cerca de 5% desenvolvem sintomas graves que podem incluir síndrome da angústia respiratória aguda choque séptico e falência de múltiplos órgãos. O envolvimento renal é frequente com apresentação clínica variando de proteinúria leve a ira progressiva necessitando suporte renal artificial (sra os pacientes com covid-19 apresentam risco aumentado de ira que está relacionado com a gravidade da doença clínica. ","Carlos Augusto Moreira De Sousa"
"TRAJETÓRIAS E TENDÊNCIAS DO USO DO SISTEMA GEOSSISTEMA-TERRITÓRIO-PAISAGEM (GTP) NO BRASIL: BIBLIOMETRIA BANCO DE DADOS DIGITAL E REDES DE PESQUISA","O sistema tripolar gtp é uma proposição teórico-metodológica vinculada a uma abordagem sistêmica renovada que visa articular os conceitos de geossistema território e paisagem para subsidiar pesquisas socioambientais na geografia física. No entanto o modo como os geógrafos brasileiros têm utilizado o gtp ainda não é plenamente compreendido. Por isso pretende-se analisar o uso do gtp em dissertações e teses publicadas em 70 programas de pós-graduação em geografia no brasil entre 2016 e 2024.","Carlos Eduardo Das Neves"
"GEOCIÊNCIAS NA ERA DIGITAL: TRABALHOS DE CAMPO VIRTUAIS E DIVULGAÇÃO CIENTÍFICA","O projeto geociências na era digital: trabalhos de campo virtuais e divulgação científica da uerj visa integrar tecnologia e geociência. Utilizando o google earth e drones o projeto cria campos geológicos virtuais com afloramentos em 3d para facilitar o estudo e a pesquisa em geologia. Além disso busca expandir o alcance global do conhecimento geológico através da disponibilização de materiais em dois idiomas.","Caroline De Araujo Peixoto"
"SÍNTESE E CARACTERIZAÇÃO DE MATERIAIS ATOMICAMENTE FINOS VISANDO A APLICABILIDADE DE SUAS PROPRIEDADES ELÉTRICAS","Neste plano de trabalho proponho sintetizar e caracterizar grafeno e dicalcogenetos de metais de transição (do inglês transition metal dichalcogenides tmds) pelo método de deposição química na fase vapor (do inglês chemical vapor deposition cvd). Este sistema será montado nas instalações da uerj e estará em plena disposição e funcionamento para usuários interessados no estado do rio de janeiro o fomento para este fim já foi ganho e em anexo está o termo de outorga da faperj.","Cesar Augusto Diaz Mendoza"
"ESTUDO DO EFEITO DE MAGNETOSTRIÇÃO GIGANTE PARA APLICAÇÕES TECNOLÓGICAS","O objetivo principal desta proposta é o estudo do efeito de magnetostrição gigante para aplicações tecnológicas. Para tal fim será realizado o estudo de materiais constituídos por ligas de fe-metais-metalóides. A caracterização das ligas será realizada com o levantamento das propriedades magnéticas em escalas macroscópica e microscópica usando as técnicas de magnetometria e microscopia magneto-óptica kerr.","Clara Johanna Pacheco"
"INTRUSÕES KIMBERLÍTICAS E SEUS POTENCIAIS DIAMANTÍFEROS NA REGIÃO DA SERRA DA CANASTRA (MINAS GERAIS) ","O presente projeto apresenta a proposta de estudos de apoio e analíticos aplicados à interpretação geológica das intrusões kimberlíticas que ocorrem na serra da canastra no sudoeste de minas gerais com vista a uma bolsa de iniciação","Daniel Augusto Bozoti Pasin"
"MATEMÁTICA E FÍSICA NA MALA","O presente projeto matemática e física na mala consiste na itinerância dos experimentos de baixo custo de educação científica envolvendo matemática e ciências naturais e da popularização de todo o material de apoio criado no contexto deste projeto. Aqui objetiva-se manter a visitação recorrente a escolas do estado do rio de janeiro visando estabelecer laços fortes e estimular a utilização dos materiais e práticas desenvolvidos em nossa pesquisa. ","Daniela Mendes Vieira Da Silva"
"COMPLEXOS MONONUCLEARES DE COBRE(II) E ZINCO(II) COMO MODULADORES DA FOSFORILAÇÃO PROTEICA PATOLÓGICA","A fosforilação indesejada ou a hiperfosforilação de proteínas está relacionada à etiologia de doenças neurodegenerativas como o alzheimer e o parkinson. A presente proposta visa ao desenvolvimento e avaliação de complexos de coordenação mononucleares de cobre(ii) e zinco(ii) capazes de hidrolisar ligações éster de fosfato em proteínas de interesse no contexto da neurodegeneração com o intuito de interferir com a condição de fosforilação patológica das mesmas.","Daphne Schneider Cukierman Rey"
"ESTUDO DA VULNERABILIDADE DO LITORAL DO ESTADO DO RIO DE JANEIRO FRENTE A EVENTOS EXTREMOS COM FOCO NO DESENVOLVIMENTO DA ECONOMIA AZUL","Na faixa costeira fluminense ocorre o desenvolvimento da indústria do petróleo turismo pesca serviços de transporte marítimo e sítio das cidades. é flagrante a percepção que a faixa costeira fluminense vem enfrentando crescentes ameaças climáticas que ameaçam a segurança e a viabilidade da economia azul. O estudo pretende avaliar a vulnerabilidade de trechos do litoral do rio de janeiro em função das ameaças climato-oceanográficas fragilidades ambientais e exposição social.","David Man Wai Zee"
"INTRODUÇÃO AO CÁLCULO DIFERENCIAL INTEGRAL E NUMÉRICO COM AUXÍLIO DE SOFTWARES ","O trabalho proposto tem por objetivo realizar uma introdução ao cálculo diferencial integral e numérico para estudantes do ensino médio com o uso de softwares. Devido à grande dificuldade enfrentada pelos estudantes nestas disciplinas os índices de reprovação são frequentemente altos resultando em um desinteresse pelo curso. Assim justificamos a relevância de nossa proposta de icjr ao considerar como aspecto principal a importância de introduzir esses conteúdos ainda no ensino médio. ","Diego Soares Monteiro Da Silva"
"FÍSICA DE SABORES PESADOS JUNTO AO EXPERIMENTO CMS","O projeto tem como foco a introdução aos principais conceitos relativos à física experimental de altas energias. Ao longo dos 3 anos de ic o(a) aluno(a) deverá adquirir bases sólidas em teoria de física de partículas e técnicas avançadas de análise de dados dos experimentos situados no centro europeu para a pesquisa nuclear (cern) do qual o orientador é membro.","Diego Torres Machado"
"MUDANÇAS CLIMÁTICAS GLOBAIS NO HOLOCENO TARDIO","Projeto visa contribuir para o conhecimento dos processos oceanográficos na plataforma continental na região de abrolhos-ba a partir da identificação e quantificação de foraminíferos bentônicos presentes em amostras de sedimentos armadilhados coletados em escala mensal ao longo de dois anos naquela região. As amostras foram obtidas por meio de armadilhas sedimentares instaladas em locais estratégicos da na região de abrolhos.","Elaine Alves Dos Santos"
"FABRICAÇÃO ARTESANAL DE COSMÉTICOS AMBIENTALMENTE AMIGÁVEIS NO CAP-UERJ","O projeto objetiva apresentar a química como um instrumento para entender melhor o mundo que vivemos contribuindo para formação de cidadão crítico e consciente capaz de intervir na sociedade de forma positiva. Além disso o aluno terá contato com experimentação que auxiliará na criação de um ambiente lúdico que desperta a curiosidade e incentiva o pensamento dedutivo. Terá a oportunidade de produzir cosméticos de forma artesanal e participar em atividades científicas.","Elizabeth Teixeira De Souza"
"IMAGENS CIENTÍFICAS  O PROCESSAMENTO DE IMAGENS PARA ANÁLISE QUANTITATIVA","Este projeto pretende aplicar técnicas de processamento de imagens para análise quantitativa utilizando imagens obtidas por diferentes tecnologias e em diferentes escalas. O produto envolve o conteúdo de divulgação científica que relaciona o processo de obtenção da imagem as aplicações tecnológicas do objeto mensurado e as técnicas utilizadas. A análise quantitativa utiliza operações algébricas através de softwares para extrair e quantificar informações de imagens digitais. ","Elizandra Martins Silva"
"MÉTODOS PARA ACELERAR O ALGORITMO DOOMSDAY","O algoritmo doomsday é uma regra desenvolvida pelo matemático britânico jonh conway (1937-2020) como uma tentativa de superar essas dificuldades. Nosso objetivo não é apenas descrever os detalhes do algoritmo doomsday e os seus aprimoramentos conhecidos mas também desenvolver novos métodos para aprimorar a implementação do cálculo do algoritmo doomsday para um ano arbitrário.","Fábio Silva De Souza"
"O SISTEMA DE ARCOS MAGMÁTICOS INTERNO (IMAS): UMA INVESTIGAÇÃO GEOQUÍMICA E GEOCRONOLÓGICA EM ROCHAS GRANULÍTICAS DE ALTO GRAU METAMÓRFICO","O projeto de ic visa capacitar alunos na sistemática de coleta processamento e interpretação de dados geológicos de alto grau metamórfico. Utilizando metodologias geocronológicas vanguardistas para contribuir com a evolução geodinâmica do imas no terreno central do sistema orogênico ribeira-araçuaí. O projeto consolidará estudos recentes do grupo let-tektos sobre a evolução tectônica do imas e do terreno central com apoio de laboratórios multiusuários da uerj e de instituições parceiras","Felipe Corrales Fernandez Pereira"
"DEMONSTRAÇÕES MATEMÁTICAS: MÉTODOS E EXEMPLOS","As demonstrações são a base de qualquer teoria matemática garantindo a validade dos resultados. Contudo compreender e escrever demonstrações é um desafio especialmente para estudantes. Este projeto tem como objetivo estudar os conceitos de lógica matemática e os principais métodos de demonstração utilizados para provar teoremas e propriedades. Através deste estudo espera-se contribuir significativamente para a formação acadêmica e futura carreira do discente participante.","Fernanda Pereira Rodrigues"
"MODELAGEM DO CRESCIMENTO DE MICRORGANISMOS EM SUCOS NATURAIS","Estudar o crescimento microbiológico de bactérias responsáveis por surtos de infecções alimentares em sucos naturais. As curvas de crescimento serão obtidas por meio de três técnicas e em seguida serão ajustadas por modelos cinéticos visando obter o modelo que melhor avalie a taxa de crescimento do microrganismo nas três metodologias propostas. Além de avaliar parâmetros físico-químico de cada fruta visando correlacionar os parâmetros físico-químicos com o crescimento microbiano.","Fernanda Romanholi Pinhati"
"DESENVOLVIMENTO E APLICAÇÃO DE MODELOS DE APRENDIZADO PROFUNDO EM ANÁLISE DE IMAGENS MÉDICAS PARA CLASSIFICAÇÃO DE TUMORES CEREBRAIS","Consiste no desenvolvimento de modelos híbridos de aprendizado profundo para a classificação precisa de tumores cerebrais em imagens de ressonância magnética (mri). Com a integração das arquiteturas yolo densenet resnet e bi-lstm visando as limitações dos métodos diagnósticos tradicionais proporcionando um diagnóstico rápido e preciso. Esta abordagem visa melhorar significativamente os prognósticos dos pacientes ao permitir a detecção precoce e a classificação dos tipos de tumores cerebrais.","Fernando Rodrigues Trindade Ferreira"
"DETERMINAÇÃO DE PARÂMETROS ESTRUTURAIS EM FLORESTAS DE MANGUE COM ESCANEAMENTO TRIDIMENSIONAL: I - COMPARAÇÃO DE MÉTODOS","O nema/uerj vem desenvolvendo com sucesso o uso do lidar em manguezais brasileiros. Essa aplicação se justifica pelos ganhos em precisão e agilidade e ao mesmo tempo desenvolve uma nova tecnologia para pesquisas florestais com dados mais abrangentes e tridimensionais. A diversidade florestal sempre representou uma barreira analítica devido à alta complexidade de crescimento e a avaliação da distribuição tridimensional poderá representar ganhos em termos de informação e futuras aplicações","Filipe De Oliveira Chaves"
"DINÂMICA NÃO-LINEAR: UMA INTRODUÇÃO AO CAOS.","O estudo de sistemas dinâmicos não-lineares em uma e duas dimensões é fundamental para a compreensão de uma ampla gama de fenômenos complexos na matemática e em outras áreas de conhecimento. Neste projeto visamos desenvolver as ferramentas necessárias para uma compreensão profunda e intuitiva desses sistemas dinâmicos. Além disso será dar ênfase na abordagem de analisar dinâmicas por meio de gráficos no espaço de fase o que proporcionará uma perspectiva visual e muito enriquecedora.","Guido Gerson Espiritu Ledesma"
"MODELAGEM MATEMÁTICA DE SISTEMAS COMPUTACIONAIS POR CADEIAS DE MARKOV: FUNDAMENTOS APLICAÇÕES E DESEMPENHO.","A importância dos modelos markovianos reside na sua capacidade de capturar comportamentos da evolução de sistemas no tempo considerando-se aleatoriedade. Este trabalho propõe-se ao estudo dos fundamentos teóricos de cadeias de markov bem como implementação tanto através de métodos numéricos computacionais como por simulações computacionais.","Guilherme Domingues"
"MODELAGEM MULTIESCALA E PROCESSAMENTO AVANÇADO DE DADOS PARA AVANÇOS EM FÍSICA DE ALTAS ENERGIAS","Este projeto visa propor técnicas e algoritmos eficientes para a reconstrução online da energia pelo calorímetro hadrônico do atlas (tilecal) considerando as atualizações na eletrônica de leitura e o aumento do empilhamento de sinais previsto no large hadron collider para alta luminosidade. Os algoritmos atuais não serão adequados para o novo cenário exigindo novas abordagens que serão implementadas em software e testadas no ambiente do atlas com ênfase no uso de redes neurais artificiais.","Gustavo Barbosa Libotte"
"GEOMETRIA NÃO EUCLIDIANAS: O ESTUDO DO ESPAÇO HIPERBÓLICO DE DIMENSÃO DOIS.","Neste projeto queremos fazer um estudo detalhado dos diferentes modelos que possui o espaço hiperbolico esttudando todos os geometricos possiveis desse modelo tais como geodesicas áreas de regiões no plano hiperbolico entre outro topicos. Para isso queremos fazer um estudo das geometria diferencial das curvas e superfícies analise complexa e com essa formação trabalhar no plano hiperbólico.","Haimer Alexander Trejos Serna"
"APLICAÇÕES DAS METODOLOGIAS DE PALINOFÁCIES E GEOQUÍMICA ORGÂNICA NA CARACTERIZAÇÃO DO POTENCIAL GERADOR DE HIDROCARBONETOS EM BACIAS PALEOZOICAS E MESOZOICAS BRASILEIRAS.","Pretende-se neste projeto fazer um estudo dos fatores que controlam o potencial gerador de hidrocarbonetos em amostras sedimentares de bacias paleozoicas e mesozoicas brasileiras. Serão utilizadas técnicas de geoquímica orgânica e palinofácies integrando os resultados destas diferentes ferramentas na reconstituição da história deposicional das seções destas bacias caracterizando os tipos a quantidade a preservação e a maturação térmica do material orgânico que compõem os estratos.","Helena Antunes Portela"
"RECONSTITUINDO O ORÓGENO RIACIANO DESMEMBRADO NA FAIXA RIBEIRA CENTRAL SE DO BRASIL","A proposta global de pesquisa pretende reconstituir o orógeno riaciano na região sudeste brasileira integrando dados da borda cratônica com as faixas móveis e propor correlações com o segmento norte do cráton de são francisco onde este orógeno está muito bem exposto. Estas correlações permitirão ainda comparar a evolução paleoproterozóica deste segmento da plataforma sul-americana com os modelos de supercontinentes globais em discussão no presente momento na literatura internacional.","Henrique Bruno"
"INDICADORES DE RECUPERAÇÃO DE ÁREAS DEGRADADAS NA BACIA HIDROGRÁFICA DO RIBEIRÃO CACHIMBAL SITUADA NO CAMPUS PINHEIRAL DO INSTITUTO FEDERAL DO RIO DE JANEIRO","A degradação das terras se relaciona à história da sua ocupação e formas de uso. No médio vale do rio paraíba do sul o modo como foram introduzidas as plantações de café ocasionou na destruição de grande parte da mata atlântica. Este trabalho tem como objetivo analisar a influência de diferentes formas ocupação sobre a qualidade dos solos tendo como área de estudos o campus do instituto federal do rio de janeiro  ifrj.","Hugo"
"APLICAÇÃO DE DISPOSITIVO DE MEMBRANA SEMIPERMEÁVEL (DMSP) PARA A DETERMINAÇÃO DE AGROTÓXICOS EM AMOSTRAS DE MEL POR CROMATOGRAFIA A LÍQUIDO DE ALTA EFICIÊNCIA COMDETECTOR DE ARRANJO DE DIODOS (CLAE-DAD).","A classe dos neonicotinoides assim como o fipronil são agrotóxicos que estão relacionados ao desaparecimento das abelhas. A redução ou mesmo extinção desses insetos pode causar um grave desiquilíbrio ambiental refletindo inclusive nas plantações que podem também desaparecer a longo prazo. Este projeto visa então o desenvolvimento e aplicação de um método simples e de baixo custo utilizando um dmsp com detecção por clae-dad para determinação destes inseticidas em amostras de mel.","Izylla Oliveira De Lucena"
"GEOMETRIA INTRÍNSECA E TOPOLOGIA DAS SUPERFÍCIES","Este projeto visa estudar a geometria intrínseca e a topologia das superfícies. No primeiro ano estudaremos a geometria intrínseca das superfícies minimizantes de área. Depois estudaremos todos os conceitos geométricos e topológicos para compreendermos o célebre teorema de gauss-bonnet. E por fim estudaremos geometria intrínseca e a topologia das superfícies esféricas através do teorema de poincaré-hopf do teorema da esfera cabeluda e da fibração de hopf.","Jackeline Conrado"
"PESQUISAS EM PRÁTICAS PEDAGÓGICAS EM MATEMÁTICA: INVESTIGAÇÕES MATEMÁTICAS MODELAGEM E PENSAMENTO MATEMÁTICO AVANÇADO","Buscando articular as demandas sociais integrar ensino pesquisa e extensão nas práticas universitárias em atividades de formação continuada deseja-se relacionar o saber acadêmico com as práticas culturais sociais e históricas a partir da criação e apresentação de materiais educacionais para as aulas de matemática. Deseja-se assim fomentar espaços de práticas pedagógicas e reflexões acadêmicas dos participantes. ","Jean Felipe De Assis"
"ESTUDO DAS CONTRIBUIÇÕES DO CANAL DE QUEBRA NAS SEÇÕES DE CHOQUE DE FUSÃO TOTAL E COMPLETA DE NÚCLEOS FRACAMENTE LIGADOS","Este projeto tem o objetivo de aperfeiçoamento de um código computacional que estima seções de choque de fusão de nucleos que podem se quebrar durante a reação. Também tem objetivo de avaliar a possibildiade de extender o modelo à sintese de elementos super pesados (she- super heavy elements)","Jeannie Rangel Borges"
"INTEGRAÇÃO DE APRENDIZADO SUPERVISIONADO E NÃO SUPERVISIONADO PARA PROBLEMAS DE CLASSIFICAÇÃO","O projeto de pesquisa visa integrar métodos de aprendizado de máquina não supervisionados como dbscan com árvores de decisão para melhorar a precisão dos modelos. Busca-se explorar novas abordagens na divisão de nós das árvores avaliando o impacto dessa integração em diferentes conjuntos de dados. Além de avançar na ciência de dados o projeto visa formar o aluno como um pesquisador competente e inovador na área de aprendizado de máquina.","Jorge Luiz De Jesus Goulart"
"SÍNTESE E AVALIAÇÃO BIOLÓGICA DE ISOFLAVANÓIDES E DERIVADOS VIA REAÇÕES DE ALFA-ARILAÇÃO","As homo-isoflavanonas são produtos naturais encontrados principalmente nas leguminosas e apresentam uma grande variedade de atividades biológicas. Dada a dificuldade de obtenção em quantidades expressivas destes compostos a partir do isolamento de fontes naturais e da limitação de estratégias sintéticas para a preparação destes compostos decidimos investigar a síntese dos correspondentes carba-análogos destes compostos: as 2-benzil-2-hidroxi-tetralonas.","Jorge Luiz De Oliveira Domingos"
"ARACTERIZAÇÃO ESTRUTURAL MAGNÉTICA E ESPECTROSCÓPICA DE COMPOSTOS MAGNÉTICOS MOLECULARES CONTENDO ÍONS DOS BLOCOS D E F E RADICAIS DO TIPO NITRONIL NITRÓXIDO","O magnetismo molecular é uma área de pesquisa multidisciplinar que busca a síntese e o design racional de espécies moleculares com comportamento magnético que se assemelhe aqueles observados em magnetos clássicos. A proposta desse projeto consiste na preparação e caracterização de compostos magnéticos moleculares que combinem as propriedades magnéticas dos metais de transição (blocos d e f) com as dos ligantes radicalares do tipo nitronil nitróxido.","Julio Cesar Da Rocha"
"FABRICAÇÃO DE DISPOSITIVOS PLASMÔNICOS A FIBRA ÓPTICA PARA DETECÇÃO DE POLUENTES SULFURADOS EM ÁGUAS FLUVIAIS","Neste projeto apresenta-se a proposta de desenvolvimento de sensores à fibra óptica baseado no efeito da ressonância de plasmon de superfície localizada (lspr) para detectar a presença de poluentes ambientais tais como compostos sulfurados (resultantes da emissão de esgoto in natura nos rios e mares).","Larissa Maria Beserra Soares"
"PROJETO MAPA: MAPEAMENTO PARTICIPATIVO E CARTOGRAFIAS COLETIVAS PARA PLANEJAMENTO E GESTÃO TERRITORIAL","Avaliar o mapeamento participativo como possibilidade para planejamento e gestão territorial buscando problematizar o processo de levantamento de dados geográficos e sua finalidade como subsídio para análises espaciais de questões político-territoriais educacionais e/ou ambientais.","Leandro Andrei Beser De Deus"
"AMBIENTES ACÚSTICOS SUBMARINOS COSTEIROS E OCEÂNICOS: CARACTERIZAÇÃO MAPEAMENTO PADRÕES TEMPORAIS E POLUIÇÃO SONORA","Ambientes acústicos subaquáticos têm recebido atenção no mundo todo devido à sua importância para a fauna marinha. No estado do rio de janeiro todas as baías costeiras apresentam portos e presença diária de embarcações sem que os efeitos da poluição sonora sejam considerados. Compreender as características acústicas desses ambientes e identificar as fontes causadoras ruído antrópico assim como quantificar a exposição da fauna a elas é importante para avaliar a saúde dos ecossistemas.","Lis Bittencourt Vilas Boas"
"DESENVOLVIMENTO DE TÉCNICAS DE TXTRAÇÃO DE ISOSUPERFÍCIES QUE MELHOR REPRESENTEM AS ESTRUTURAS CONTIDAS NO DADO VOLUMÉTRICO ","Pretende-se neste projeto investigar as limitações do interpolante trilinear (utilizado pelo marching cubes e por grande parte dos algoritmos extratores de isosuperfícies por sua simplicidade) na representação de dados. E explorar a utilização de outros interpolantes na visualização do dado volumétrico com o objetivo de desenvolver técnicas de extração de isosuperfícies que melhor representem as estruturas contidas no dado original.","Lis Ingrid Roque Lopes Custodio"
"MÉTODOS DE REDUÇÃO DE DIMENSIONALIDADE NO CÁLCULO DE PONTOS DE ORVALHO E DE BOLHA","O projeto propõe a utilização de métodos de redução de dimensionalidade como svd e evolução diferencial para otimizar a previsão das propriedades de misturas multicomponentes na indústria de separação de óleo. O objetivo é reduzir o custo computacional mantendo a acurácia dos resultados comparando esses métodos com abordagens clássicas e investigar outras técnicas de redução de dimensionalidade para melhorar a eficiência do processo","Loena Marins Do Couto"
"GEODIVERSIDADE E GEOEDUCAÇÃO COMO FERRAMENTAS PARA A FORMAÇÃO DE GEOCIENTISTAS NO MUNICÍPIO DE CABO FRIO","O objetivo do projeto é fomentar o desenvolvimento de práticas científicas voltadas para a divulgação da geodiversidade no município de cabo frio a partir da geoeducação. Serão realizadas atividades científicas análises de diferentes tipos de solo e de rochas. Pretende-se divulgar pesquisas geocientíficas para as escolas do ensino básico e dar visibilidade para cursos de ciências ambientais e licenciatura em geografia uerj cabo frio.","Luana De Almeida Rangel"
"RIOS VOADORES DA ANTÁRTICA: DETECÇÃO IMPLICAÇÕES SOBRE O DEGELO TRANSPORTE ATMOSFÉRICO E SUAS TELECONEXÕES COM OS (SUB)TRÓPICOS","O objetivo deste projeto é detectar rios atmosféricos na antártica e correlacioná-los com processos de degelo e transporte além de identificar conexões trópicos-antártica. Estudos anteriores apontam a ocorrência de eventos anômalos quentes na antártica causados por rios atmosféricos que têm origem nos trópicos. Assim o este plano de trabalho propõe utilizar observações adquiridas na latitude 84°s e relacioná-las com feições da circulação atmosférica associadas com eventos anômalos quentes.","Luciana Figueiredo Prado"
"MUDANÇAS CLIMÁTICAS E DESASTRES NATURAIS: A APLICAÇÃO DE MODELAGEM METEOROLÓGICA CLIMATOLÓGICA E OCEANOGRAFIA COMO FERRAMENTAS DE SUPORTE.","O projeto prevê aplicação de meteorologia climatologia e oceanografia aos elementos de desastres naturais registrados no estado do rio de janeiro e mediante adequação de modelos de previsão de tempo e clima adestrar esses sistemas à realidade do estado por meio de verificação das suas parametrizações e condições iniciais. Por fim determinar um conjunto de sistemas do ipcc para aplicá-los ao estado e inferir como esses desastres podem estar sendo impactados pelas mudanças climáticas.","Lucio Silva De Souza"
"TEORIA DA MEDIDA E INTEGRAÇÃO","Este projeto de iniciação científica em matemática está inserido na área de anláise cujo interesse está em abordar e desenvolver os tópicos iniciais sobre teoria da medida e integração e teoria das distribuições.O presente projeto pretende desenvolver as ferramentas e conceitos básicos da teoria da medida e integração além de uma introdução aos espaços de lebesgue alguns aspectos básicos da teoria das distribuições e equações diferenciais parciais lineares.","Luís Márcio Salge"
"E-FOTO 2.0 - MODELAGEM CONCEITUAL E DESENVOLVIMENTO DE UMA NOVA ETAPA DE SOLUÇÃO FOTOGRAMÉTRICA LIVRE EDUCACIONAL E 100% BRASILEIRA","O projeto e-foto desenvolve uma estação fotogramétrica digital em software livre para obter informações tridimensionais a partir de imagens aéreas.Incubado na uerj e premiado internacionalmente atraiu bolsistas diversos criando software que permitiu a gerações de alunos aprender fotogrametria sem custos. Busca agora padronizar seu código envolvendo a comunidade de software livre e processando imagens de diferentes sensores (incluindo drones e satélites) em tecnologia de ponta em geociências.","Luiz Carlos Teixeira Coelho Filho"
"EVOLUÇÃO GEOLÓGICA DA FAIXA OROGÊNICA RIBEIRA-ARAÇUAÍ ZONA DA MATA E LESTE DE MINAS GERAIS.","A faixa ribeira-araçuai desenvolvida por sucessivas colisões proterozóicas na margem sudeste do paleocontinente são francisco é objeto de estudo do tektos - grupo de pesquisa em geotectônica/uerj. Esta faixa orogênica é constituída por terrenos tectônicos amalgamados e compostos por um conjunto de unidades lito-estratigráficas deformadas do embasamento sequências supracrustais e rochas intrusivas com idades desde o neoarqueano e paleoproterozóico até o neproterozóico-cambriano.","Luiz Guilherme Almeida Do Eirado Silva"
"MEDIDA DA VELOCIDADE DA LUZ EM UMA FIBRA ÓPTICA PLÁSTICA COMO ESTRATÉGIA DE APRENDIZAGEM E DESENVOLVIMENTO DE HABILIDADES LABORATORIAIS","Este trabalho tem por objetivo principal a construção de um dispositivo opto-eletrônico com a finalidade de medir experimentalmente a velocidade da luz em uma fibra óptica plástica (plastic optical fiber  pof) como meio de transmissão da luz. ","Luiz Pinheiro Cordovil Da Silva"
"REFINAMENTO PALINOESTRATIGRÁFICO E DELIMITAÇÃO DE HORIZONTES POTENCIALMENTE GERADORES DE ÓLEO E GÁS DO EOCRETÁCEO BRASILEIRO","A pesquisa pretende expandir os estudos relacionados à nova abordagem nos estudos palinoestratigráficos e de palinofácies identificando rochas potencialmente geradoras de hidrocarbonetos que não sejam apenas os tradicionais folhelhos ricos em matéria orgânica. O resultado trará maior perspectiva nos conhecimentos de novos horizontes potencialmente geradores de óleo e gás abrindo possibilidades de caracterização de novos sistemas petrolíferos e ampliando os plays exploratórios em nossas bacias","Luzia Antonioli"
"SISTEMÁTICAS PARA CARACTERIZAÇÃO DE PROVENIÊNCIA DAS UNIDADES METASSEDIMENTARES DOS DIFERENTES TERRENOS TECTONO-ESTRATIGRÁFICOS DO ORÓGENO RIBEIRA CENTRAL SE DO BRASIL.","A proposta da pesquisa está vinculada ao departamento de geologia regional e geotectônica da uerj (grupo tektos) apresenta proposta multidisciplinar e envolve ferramentas metodológicas usuais nas áreas de geologia e geocronologia. O projeto propõe uma investigação de natureza isotópica com base em idades u-pb através de grãos de zircão para o entendimento das idades de rochas metassedimentares de grande distribuição areal no estado do rio de janeiro.","Marcela De Carvalho Lobato"
"APRENDIZADO DE MÁQUINA: UM ESTUDO ABRANGENTE","O objetivo do projeto é fornecer os conceitos as intuições e as ferramentas que o estudante precisará para implementar programas capazes de aprender com os dados. Se propõe uma abordagem prática desenvolvendo uma compreensão intuitiva do aprendizado de máquina por meio de exemplos concretos e um pouco de teoria. O estudante será apresentado às principais bibliotecas científicas do python e usará estruturas python reais prontas para produção.","Marcelo Chiapparini"
"DETECÇÃO AUTOMÁTICA DE POTENCIAIS FOCOS DE LIXO URBANO EM VÍDEOS AÉREOS","O presente projeto visa identificar focos de descarte de lixo urbano com a utilização de veículos aéreos não tripulados (vants). O uso de vants será utilizado no mapeamento e análise de extensas áreas em busca de descarte irregular de lixo. A análise desses dados vídeos capturados por câmera serão submetidas a análise de algoritmos computacionais deep learning utilizando conceitos de visão computacional.","Marcelo Musci Zaib Antonio"
"AVALIAÇÃO DE PROCESSOS ORGÂNICOS CONVENCIONAIS E DESENVOLVIMENTO DE BIOPRODUTOS","Esse projeto visa avaliar processos orgânicos convencionais e seus impactos ambientais como a produção de azocorantes bem como o uso de matérias-primas naturais como espécies vegetais e óleos essenciais para o desenvolvimento de bioprodutos como por exemplo resinas naturais.","Márcia Rosa De Almeida"
"IMPLANTAÇÃO DE ANÁLISES U-PB E LU-HF EM MINERAIS ACESSÓRIOS (MONAZITA TITANITA E ALLANITA) COM LA-MC-ICP-MS NO LABORATÓRIO MULTILAB-UERJ APLICADO NO ESTUDO DE ROCHAS GRANÍTICAS PERALUMINOSAS E METAMÓRFICAS ORTO E PARADERIVADAS","A proposta aqui apresentada tem como alvo a realização de estudos geológicos-geocronológicos nas unidades crono-estratigráficas no estado do rio de janeiro. O projeto envolve uma equipe científica multidisciplinar composta por especialistas em geologia isotópica petrologia ígnea geoquímica e geocronologia. ","Marcos Silva Machado"
"PROPRIEDADES DE TRANSPORTE EM ESTRUTURAS NANOCRISTALINAS: ASPECTOS TÉRMICOS E ELETRÔNICO","Estudaremos os perfils da estrutura eletrônica e fonônica de sistemas moleculares cíclicos tipo benzeno com/sem impureza e metálicos uni(bi)dimensionais e com padrões tipo fibonacci e seus efeitos sobre a dimensionalidade. O modelo para os sistemas será aquele em que cada ligação atômica é substituída por uma mola com constante elástica k simulando um sistema massa-mola. As dos de transmissão de fônons ao longo da molécula serão calculadas através das funções de green locais do sistema.","Marcus Vinicius Tovar Costa"
"MORFODINÂMICA E MORFOGÊNESE DA SERRA DO MAR FLUMINENSE: CONTRIBUIÇÃO DOS MOVIMENTOS DE MASSA PARA A DENUDAÇÃO DO RELEVO A PARTIR DE ISÓTOPOS COSMOGÊNICOS","Este projeto tem como objetivo compreender o papel dos movimentos de massa na denudação a longo-termo em bacias hidrográficas na serra do mar (rj). Em termos específicos pretende-se: estimar o volume sedimentar produzido em eventos de grande magnitude em escala de bacia hidrográfica; verificar a existência de controle geológico e geomorfológico na deflagração dos movimentos de massa; e discutir a relação entre a magnitude dos eventos de episódicos de movimentos de massa e as taxas de denudação","Maria Carolina Villaça Gomes"
"MODELANDO INCERTEZAS DE FONTES RENOVÁVEIS EÓLICA E HIDRÁULICA ATRAVÉS DE GERAÇÃO DE CENÁRIOS SINTÉTICOS","A matriz elétrica brasileira apresenta alta participação de fontes renováveis hidroelétrica e eólica sendo que esta última vem apresentando um crescimento acelerado. Assim é importante a investigação de técnicas e o desenvolvimento de modelos de previsão e geração de cenários sintéticos futuros de ventos nos parques eólicos e afluências às usinas hidroelétricas considerando correlações temporais e espaciais com base em modelos de séries temporais e técnicas de amostragem aleatória.","Maria Elvira Piñeiro Maceira"
"MONITORAMENTO DOS ELEMENTOS DO CLIMA ATRAVÉS DE UMA ESTAÇÃO CLIMATOLÓGICA E ANÁLISE TERMO HIGROMÉTRICA DE TRANSECTOS NAS CIDADES","O clima é o conjunto de tipos de tempo de um local que se sucedem por um longo período sendo influenciado pelos elementos e fatores climáticos. Atualmente o tema clima está em diversas pesquisas e na mídia porque afeta diretamente ou indiretamente a vida de todas as pessoas. O objetivo deste projeto é analisar o comportamento dos fenômenos atmosféricos através da interação dos elementos climáticos utilizando os dados da estação climatológica e transectos móveis para identificar ilhas de calor.","Maria Luiza Félix Marques Kede"
"ANÁLISE DE DADOS EM GEOQUÍMICA MINERALOGIA E PETROGRAFIA DE ALTA RESOLUÇÃO COMO SUPORTE À GEOMETALURGIA EM DEPÓSITOS COMPLEXOS","A partir de parcerias indústria-academia pretende-se montar um workflow analítico através da modelagem geoquímica predizendo o comportamento geometalúrgico de corpos mineralizados. Para a caracterização de padrões complexos é utilizada a análise por mev-eds caracterização petrográfica por luz transmitida e refletida que permite identificar as texturas em escala de testemunho.","Mariana Brando Soares"
"CELESTE: UMA REDE DE COLABORAÇÃO CIENTÍFICA ENTRE ESCOLA E UNIVERSIDADE ","Este projeto propõe desenvolver uma rede de detectores de raios cósmicos a serem instalados em escolas de nível médio (numa escala regional) envolvendo alunos e professores na construção instalação e operação de detectores de partículas de baixo custo e de tecnologia nacional que quando interconectados permitam que os dados sejam acessados por todas as escolas. ","Marisilvia Donadelli"
"DESENVOLVIMENTO DE UM ROBÔ PEDIÁTRICO INTERATIVO","Este projeto tem como finalidade a construção de um robô autônomo pediátrico interativo para crianças internadas em hospitais visando um melhor acolhimento nestes espaços. Uma das formas de diminuirmos o impacto negativo de uma internação é a utilização de interatividade nestes espaços devido ao seu grande potencial para torná-lo um espaço mais acolhedor auxiliando na recuperação da criança pois resulta na melhora dos tratamentos e também contribui a um menor tempo de internação.","Mauricio Quelhas Antolin"
"MATERIAIS INTELIGENTES NA CONVERSÃO DE POLUENTES ATMOSFÉRICOS: UM ESTUDO COMPUTACIONAL MECÂNICO-QUÂNTICO","Este projeto propõe uma estratégia metodológica usando técnicas de modelagem molecular mecânico-quânticas visando mimetizar a atuação de materiais tipo perovskita (abo3) dopados com paládio (conhecidos como catalisadores inteligentes) na conversão de poluentes atmosféricos com intuito de obter informações estruturais eletrônicas e termodinâmicas que possam ajudar na compreensão mecanística envolvida neste processo de elevado interesse socioambiental.","Maurício Tavares De Macedo Cruz"
"BUSCA POR DECAIMENTOS RAROS DOS BÓSONS Z E HIGGS NO EXPERIMENTO CMS/LHC","Este projeto tem como objetivo dar suporte no estudo de busca por decaimentos raros dos bósons z e higgs no experimento cms/lhc. A metodologia empregada nas análises em física de altas energias abrange diversas etapas essenciais para obter resultados significativos. Começando com a simulação e seleção detalhada de eventos usando métodos a monte carlo possibilitando a avaliação de critérios de cortes de seleção e posteriormente comparando com dados reais.","Mauricio Thiel"
"APLICAÇÕES DAS TÉCNICAS U/PB E LU/HF EM UNIDADES LITOETRATIGRAFICAS DO ESTADO DO RIO DE JANEIRO COMO CONTRIBUIÇÃO A EVOLUÇÃO GEOTECTONICA DO CINTURÃO RIBEIRA ","A proposta aqui apresentada tem como alvo a realização de estudos geológicos-geocronológicos nas unidades crono-estratigráficas no estado do rio de janeiro. O projeto visa a elaboração de um panorama da evolução geológica com ferramentas geocronológicas de ponta. Um ponto importante que fortalece esta solicitação é o fato da instituição dispor de instalações adequadas laboratórios intermediários instalados e equipe de cientistas qualificados e experientes na operação dos equipamentos.","Mauro Cesar Geraldes"
"INVESTIGAÇÕES MATEMÁTICAS DE PROBLEMAS EM ABERTO NA ÁREA DE TEORIA DOS GRAFOS","Este projeto visa contribuir na investigação de diversas conjecturas na área de teoria dos grafos com foco nos problemas de coloração em grafos. Atualmente existem diversas conjecturas na área desde a conjectura de hadwiger que foi proposta em 1943 até a conjectura da coloração total avd que foi proposta em 2006. Ambas as conjecturas possuem ampla relevância sobre questões inerentes a própria área de teoria dos grafos.","Mauro Nigro Alves Junior"
"MODELAGEM MATEMÁTICA APLICADA AO ESTUDO DE EPIDEMIAS NO CAP-UERJ","O projeto tem por objetivo o estudo de modelos matemáticos e suas aplicações na biologia em específico na área epidemiológica desde os pontos de vista teórico e computacional considerando cenários possíveis em um contexto do âmbito escolar do cap-uerj.","Michelle Lau De Almeida"
"ENERGIA SOLAR FOTOVOLTAICA UM MODELO MOVIDO A ENERGIA SOLAR","O projeto tem como principal objetivo realizar medições que venham a mensurar a eficiência energética da energia solar fotovoltaica. Faremos isto num parque solar fotovoltaico já instalado no nosso campus. Paralelamente faremos ampla divulgação das energias renováveis e assim como iremos capacitando e formando recursos humanos qualificados no assunto energético. Uma oficina de trabalho serà montada com uso de equipamentos similares em pequena escala.","Mirian Enriqueta Bracco"
"PROGRAMAÇÃO DE SOFTWARE LIVRE PARA CÁLCULOS AVANÇADOS DE FÍSICA NA LINGUAGEM PYTHON","O presente projeto se destina ao desenvolvimento de um software livre com interface intuitiva para executar cálculos avançados em relatividade geral utilizando a linguagem python. ","Otavio Goldoni"
"ANÁLISE DE POTENCIALIDADE PARA RECUPERAÇÃO DE ÁREAS DEGRADADAS NO ESTADO DO RIO DE JANEIRO COMO SUBSÍDIO À GESTÃO DO TERRITÓRIO","O estudo propõe criar subsídios para a recuperação de áreas degradadas no rj e expansão para outras regiões alinhado às políticas nacionais e estaduais. Pelas geotecnologias utiliza dados abertos na identificação de pastagens degradadas e potenciais para adoção de sistemas integrados além de áreas prioritárias para a regeneração. Pretende-se propor insumos para políticas de incentivo na adoção da sustentabilidade econômica e ambiental aumentando produtividade agrícola conservacionista.","Patrick Calvano Kuchler"
"OS EFEITOS DOS INCÊNDIOS NAS PROPRIEDADES FÍSICO-QUÍMICAS E NA ERODIBILIDADE DOS SOLOS SERRANOS NO RIO DE JANEIRO","As queimadas têm aumentado na região serrana do estado rio de janeiro nos últimos anos tornando necessários estudos na compreensão do efeito do fogo nos solos desta região. O aprofundamento de estudos nesta temática é urgente em solos brasileiros. Este projeto faz uma revisão bibliográfica sobre o tema e apresenta uma proposta de pesquisa sobre o efeito das queimadas na qualidade físico-química e na erodibilidade do solo em áreas queimadas na região da serra do mar no estado do rio de janeiro.","Paulo Angelo Fachin"
"FORTALECENDO O DESENVOLVIMENTO DO PENSAMENTO COMPUTACIONAL NAS ESCOLAS DO RIO DE JANEIRO: DESAFIOS E ESTRATÉGIAS","Em 2022 o ministério da educação homologou o parecer sobre o projeto que estabelece normas para o ensino de computação na educação básica tendo como um dos pilares o pensamento computacional. Este projeto busca investigar os desafios e necessidades de discentes docentes e equipe pedagógica das escolas do rio de janeiro. Espera-se com isso identificar as dificuldades enfrentadas pela comunidade escolar desenvolver intervenções avaliar sua eficácia e contribuir com a área.","Priscilla Fonseca De Abreu Braz"
"MODELAGEM COMPUTACIONAL USANDO PYTHON PARA ENGENHARIA: ESTUDO DE CASOS","O objetivo deste projeto é promover junto ao aluno de graduação de engenharia da faculdade de tecnologia (fat) da uerj o desenvolvimento de habilidades de programação em um estilo de mercado ou vida atual isto é utilizar os conceitos de modelagem computacional usando o ecossistema de python para resolver problemas encontrados na engenharia. Estudar casos aplicando a programação para gerar automação de processos e/ou análise de dados e elaborar estratégias a partir dos resultados obtidos.","Pryscilla Maria Pires Dos Santos"
"TECNOGOV: INTEGRANDO TECNOLOGIA E CIDADANIA ATIVA","O objetivo do projeto é fomentar o debate público sobre transparência governamental inteligência artificial no setor público e uso de linguagem simples. Através de atividades buscamos disseminar conhecimento e incentivar soluções tecnológicas no setor público. Esperamos ao final do projeto aumentar a compreensão sobre esses temas e promover uma transformação digital inclusiva e participativa essencial para o desenvolvimento sustentável e democrático.","Raissa Dos Santos Barcellos"
"CARACTERIZAÇÃO GEOAMBIENTAL DAS PRAIAS ATLÂNTICAS DO MUNICÍPIO DO RIO DE JANEIRO","As praias do rio de janeiro apresentam um alto nível de intervenção antrópica eventos meteorológicos frequentes gerando ressacas e poluição que juntos constituem problemas ambientais urbanos ameaçando a perda da qualidade recreacional das praias. Por isso é importante caracterizar este ambiente de forma integrada considerando os processos oceanográficos geológicos e antrópicos a fim de obter-se diagnósticos das praias oferecendo subsídios para os atores deste espaço.","Renata Cardia Reboucas"
"CARACTERIZAÇÃO DA FORMAÇÃO BARREIRAS NO RIO DE JANEIRO","Existem enormes diferenças de entendimento do ambiente deposicional da hierarquização da unidade (se é formação ou grupo) e também com relação ao intervalo temporal de ocorrência da unidade barreiras. A relativa falta de consenso em diversos aspectos exige uma revisão mais aprofundada desta unidade. Em especial no estado do rio de janeiro existem muitas lacunas na caracterização dessas rochas apontando a necessidade de reinterpretação dos afloramentos à luz de novos estudos e descobertas.","Renata Marins Alvim Gama De Oliveira"
"GEOATLAS AMBIENTAL: TRILHANDO PELOS CAMINHOS DA BAIXADA FLUMINENSE","As geotecnologias são amplamente aplicáveis na geografia mas pouco e com deficiência na formação inicial e continuada especialmente na licenciatura. Conhecer e agir sobre a baixada fluminense exige investigação e uso de ferramentas geotecnológicas. Assim o geoatlas além de capacitar o aluno com atividades para construção de um banco de dados geoespacial visa a democratização e participação política difundindo informações socioambientais em um ambiente web em uma biblioteca virtual.","Rodrigo Batista Lobato"
"ANÁLISE CENTENÁRIA DO MAPEAMENTO DAS MUDANÇAS DE USO E COBERTURA DO SOLO RELACIONADAS À ACUMULAÇÃO SEDIMENTAR E DE NUTRIENTES NAS BACIAS DE DRENAGEM DA PORÇÃO LESTE DA BAÍA DE GUANABARA.","A compreensão da evolução de ambientes costeiros é fundamental para a construção de prognósticos futuros em resposta ao desenvolvimento das sociedades humanas. Este estudo avaliará as mudanças na bacia de drenagem e nos registros sedimentares na porção leste da baía de guanabara rio de janeiro ao longo do último século a partir de dados sedimentológicos carbono orgânico fósforo nitrogênio total razão c/n isótopos de d13c e d15n e datações por 210pb.","Rodrigo Coutinho Abuchacra"
"PROPAGAÇÃO EM REDES: DOMINAÇÃO VETORIAL E SELEÇÃO DE ALVOS","O projeto de pesquisa visa resolver problemas de propagação em redes com foco na dominação vetorial e seleção de alvos. O objetivo é identificar vértices que contaminem todos os outros usando modelos de vizinhança. Propõe desenvolver algoritmos eficientes incluindo métodos bioinspirados e técnicas avançadas de otimização. O projeto contribuirá para algoritmos em grafos e complexidade computacional com aplicações em saúde pública e segurança da informação.","Rodrigo Lamblet Mafort"
"SIMULAÇÃO NUMÉRICA DE UM PROBLEMA DE VIGA DE TIMOSHENKO LIVRE DO SEGUNDO ESPECTRO DE FREQUÊNCIAS","Neste projeto é proposta a resolução numérica do problema de viga de timoshenko livre do segundo espectro de frequências usando esquemas totalmente discretos com o método dos elementos finitos no espaço associado ao método de crank-nicolson com preditor-corretor no tempo. Devem ser realizadas simulações numéricas através de experimentos em algoritmos computacionais implementados em matlab ou python que possam corroborar os resultados de decaimento de energia exponencial provados na literatura.","Rodrigo Lopes Rangel Madureira"
"GRAVITAÇÃO EM ESCALAS EXTREMAS DE ENERGIA E CURVATURA","O presente projeto de pesquisa foi elaborado com a finalidade de dar suporte a renovação de minha candidatura para a chamada de bolsas selic uerj 2024 (cota 2024-2027). No presente projeto apresento trabalhos concretos de pesquisa a serem desenvolvidos pelos próximos três anos junto de um cronograma com nossas perspectivas de publicação.","Rodrigo Maier"
"MODELAGEM MATEMÁTICA DE SISTEMAS MAGNÉTICOS COM ÊNFASE NO EFEITO MAGNETOCALÓRICO","Nos refrigeradores atuais a refrigeração é baseada na compressão e descompressão de fluidos refrigerantes como hidrofluorcarbonetos (hfcs) que são nocivos ao meio ambiente. Em contraste a refrigeração magnética baseada no efeito magnetocalórico (emc) oferece uma alternativa ecológica. Esse método é inovador pois não utiliza gases poluentes e apresenta menor perda de energia. Este estudo visa desenvolver e implementar modelos físicos para descrição do efeito magnetocalórico.","Rodrigo Soares De Oliveira"
"MORFOGÊNESE E DINÂMICA DA PAISAGEM GEOMORFOLÓGICA NO PLANALTO SUDESTE BRASILEIRO","O presente projeto de pesquisa tem como objetivo analisar a evolução do relevo e dos sistemas de drenagem na região do planalto sudeste brasileiro. O projeto justifica-se pela importância de compreender a evolução da paisagem geomorfológica e a morfogênese de grandes escarpamentos. Em suma o projeto busca preencher lacunas científicas na compreensão da morfogênese do relevo e dos sistemas de drenagem no planalto sudeste brasileiro.","Rodrigo Wagner Paixão Pinto"
"TÓPICOS CONTEMPORÂNEOS EM FÍSICA DE BURACOS NEGROS E ESPINORES","Os objetivos gerais do presente projeto incluem a investigação em duas frentes. Uma relacionada a tópicos de destacada relevância na atualidade com respeito à física de buracos negros e outra relacionada à construção formal da estrutura algébrica dos chamados espinores escuros e sua generalizações. Com isso pretende-se contribuir com a promoção e ampliação da pesquisa em física de buracos negros e teoria de espinores no ime/uerj.","Rogerio Teixeira Cavalcanti"
"ANÁLISE DE SÉRIES TEMPORAIS PARA DETECÇÃO DE MUDANÇAS NA COBERTURA DA TERRA NO ESTADO DO RIO DE JANEIRO","Compreender como os sistemas naturais da terra se transformam é essencial para desenvolver estratégias que melhor aproveitem os recursos naturais e reduzam os impactos ambientais. O objetivo deste projeto é mapear as mudanças na cobertura da terra no estado do rio de janeiro em diferentes escalas (espaciais e temporais) analisando onde e o porquê dos principais vetores de mudanças por meio de séries temporais de imagens de sensoriamento remoto e diferentes algoritmos de classificação.","Rômulo Weckmüller Vieira"
"A ESFERA DE RIEMANN E AS TRANSFORMAÇÕES DE MÖBIUS","Os conceitos de números complexos geometria complexa da esfera e transformações de möbius são fundamentais na matemática e na engenheira em particular na geometria complexa bem como em quase todas áreas das ciências exatas. O objetivo desse projeto é fornecer ao bolsista uma base teórica sólida acerca desses temas e incentivar uns estudos superiores na matemática. Também o bolsista aprenderá a fazer conexões entre várias áreas da matemática como álgebra geometria e análise complexa.","Ruben Edwin Lizarbe Monje"
"REDES NEURAIS PROFUNDAS E OS POSTOS DE CURVAS ELÍPTICAS DOS NÚMEROS CONGRUENTES","O principal objetivo desta pesquisa é investigar sobre os postos de curvas elípticas e_n usando os redes neurais profundas introduzido em [5]. Neste projeto apresentaremos um novo método de classificação do postos para a família de curvas elípticas de números congruentes e_n com base em redes neurais convolucionais profundas estenderemos nosso método para uma família maior de curvas elípticas que incluem as curvas de números congruentes como um membro especial [6].","Sajad Salami"
"UMA RECONSTRUÇÃO DOS PRINCIPAIS EVENTOS DA OCUPAÇÃO HUMANA NA ÁREA DA ESTAÇÃO ANTÁRTICA BRASILEIRA DESDE A PRESENÇA DE BALEEIROS INGLESES","A estação antártica comandante ferraz/ilha rei george/antártica é um ambiente único e vulnerável. A análise de sedimentos de lagos próximos com indicadores como microcarvão e carbono negro busca reconstruir a história da ocupação humana na região desde baleeiros no século xix até o incêndio de 2012 e entender as mudanças ambientais induzidas pelo homem.","Sérgio José Gonçalves Junior"
"ESTUDO DE ALGORITMOS INTELIGENTES PARA APLICAÇÃO EM SISTEMAS COMPUTACIONAIS DE RASTREAMENTO E DIAGNÓSTICO DE DOENÇAS POR EXAMES DE IMAGENS","Este projeto tem a intenção de colaborar com a busca de soluções inteligentes usando técnicas de visão computacional e aprendizado de máquina para resolver problemas enfrentados no rastreamento e diagnóstico de doenças através de exames de imagem. A meta é desenvolver sistemas computacionais que auxiliem os profissionais de saúde no tratamento de duas principais doenças tão atuais e presentes hoje em dia: o câncer de mama e as sequelas pulmonares resultantes do covid-19.","Silvia Cristina Dias Pinto"
"PRÁTICAS DE ARDUINO APLICADAS A PROJETOS DE SUSTENTABILIDADE","Pensando na sustentabilidade e na preservação do meio ambiente propõe-se reutilizar parte do lixo eletrônico que seria descartado através de projetos de automação no arduino usando equipamentos/peças que não teriam mais utilidade prática para amenizar o descarte incorreto desse lixo. O projeto incentiva a adoção de práticas mais responsáveis no manejo desses resíduos e promove a conscientização ambiental e estimula o aprendizado nas áreas de automação eletrônica dentre outras.","Silvia Mara Da Costa Campos"
"SIMULAÇÃO DE SISTEMAS DE COMBUSTÃO DE COMBUSTÍVEIS FÓSSEIS DETERMINAÇÃO DE PROPRIEDADES ELETRÔNICAS/ESTRUTURAIS DE CATALISADORES E REATIVIDADE DE POLUENTES JUNTO A NOVAS ABORDAGENS PARA OTIMIZAR A PRODUÇÃO DE BIOETANOL DE SEGUNDA GERAÇÃO.","O processo de combustão é uma das principais causas da poluição atmosférica e esgotamento dos combustíveis fósseis. Estudos: 1) simular o processo de combustão via modelos cinéticos; 2) verificar o efeito e a importância dos catalisadores na retirada de gases poluentes; 3) estudar a reatividade dos gases emitidos pelo processo de combustão através de métodos ab initio e dft. Este projeto visa a consolidação do grupo de química computacional da faculdade de tecnologia nesta área.","Tadeu Leonardo Soares e Silva"
"GEOQUÍMICA SEDIMENTAR COMO FERRAMENTA DE AVALIAÇÃO DE IMPACTOS AMBIENTAIS DA INDÚSTRIA PETROLÍFERA NA AMAZÔNIA","O projeto visa avaliar os impactos ambientais da indústria naval e petrolífera através da utilização de biomarcadores em sedimentos. A qualidade os sedimentos é crucial para o desenvolvimento econômico e social e seu estudo é fundamental para a prevenção de possíveis impactos ambientais e identificação de fontes contaminantes visando conhecer os componentes físicos biológicos e socioeconômicos da região.","Tatiana Santos Da Cunha"
"ACELERAÇÃO DE APLICAÇÕES DE INTELIGÊNCIA ARTIFICIAL ATRAVÉS DE COMPUTAÇÃO DATAFLOW","Este projeto tem como objetivo apresentar resultados de aceleração e economia de energia em modelos de inteligência artificial utilizando computação dataflow (execução distribuída guiada pelo fluxo de dados)","Tiago Assumpção De Oliveira Alves"
"REDES NEURAIS INFORMADAS PELA FÍSICA PARA MODELAGEM DE PROCESSOS ESTOCÁSTICOS EM FINANÇAS QUANTITATIVAS","Este projeto visa integrar redes neurais informadas por física (pinns) e aprendizado por reforço profundo (drl) para aprimorar previsão e gerenciamento de risco em finanças. Buscaremos desenvolver estratégias robustas precisas e adaptáveis que se baseiam em modelos financeiros estabelecidos. Além disso pretendemos explorar a aplicabilidade dessa abordagem a outros domínios como engenharia de controle onde as leis físicas e as restrições desempenham um papel crucial na dinâmica do sistema.","Vahid Nikoofard"
"FORMAS MODULARES DE CALABI-YAU: ESTUDO DE FUNÇÕES DE PARTIÇÃO","Este plano de trabalho propõe uma generalização moderna da teoria clássica das formas modulares. Os principais objetos desta generalização denominadas formas modulares de calabi-yau (cy) são elementos de espaços gerados pelas q-expansões de soluções para certos sistemas de edos decorrentes de famílias de variedades de cy. Ao longo desta pesquisa pretendemos apresentar evidências que apoiem esta generalização e estender o teorema da modularidade às variedades de cy.","Younes Nikdelan"
"SIMULAÇÃO DE UM CONDENSADO DE BOSE-EINSTEIN ATRAVÉS DE LATTICE-BOLTZMANN ","Condensados de bose-einstein (bec) foram previstos por einstein (e bose) [1 2 3]. Porém em experimentos só foi possível 70 anos depois pois necessita de temperaturas próximas a 0k [4 5]. Apesar de haver uma equação que o modela sua solução permanece desconhecida [6] e o método numérico é demasiado custoso. Este projeto visa simular a formação de um bec através do método de lattice-boltzmann para ter novos indícios sobre o formato da função de onda de sua solução de estado fundamental. ","Yuri De Macedo Lira"
"GERAÇÃO DE PRODUTOS PARA A INDÚSTRIA PETROQUÍMICA A PARTIR DE FONTES RENOVÁVEIS","Atualmente observa-se um crescente interesse das indústrias químicas em utilizar insumos renováveis para a geração de produtos finais ou intermediários. O etanol é um dos mais importantes compostos orgânicos oxigenados devido à sua facilidade de atuar como matéria prima para a síntese de outros compostos orgânicos com maior valor comercial. Neste contexto o projeto tem como intuito sintetizar catalisadores sólidos multifuncionais capazes de promover a produção de 1 3-butadieno.","Zilacleide Da Silva Barros Sousa"
